{
    "versions": [
        {
            "id": 16243,
            "sref": "refs/heads/master",
            "slean": "d602e260b437db8471e00ae60c01021b6e8b3c28",
            "sleancloud": "ec77e4e226311b02575005ce9b615f870d230360",
            "sdescription": "Upgrades to backend QuantConnect operations",
            "sname": "master",
            "bpublic": 1,
            "itimestamp": "2024-02-14 13:12:25",
            "benchmark_basic": 276137.32824427483,
            "benchmark_equity_400_minute": 688305.3638253638,
            "benchmark_equity_1_second": 303063.6363636364,
            "benchmark_cs_indicator": 156958.78064943673,
            "benchmark_cs_history": 252451.43120960295,
            "benchmark_cs_schedule_events": 278990.1028277635,
            "benchmark_py_basic": 191498.09422975118,
            "benchmark_py_equity_400_minute": 708634.443021767,
            "benchmark_py_equity_1_second": 241548.48635235734,
            "benchmark_py_indicator": 46207.93325526932,
            "benchmark_py_history": 76140.24237358964,
            "benchmark_py_schedule_events": 159481.48420279208,
            "benchmark_py_universe_coarsefine": 303479.39453125,
            "benchmark_cs_universe_coarsefine": 391887.01622971287,
            "benchmark_py_universe_stateful": 105854.03247271759,
            "benchmark_cs_universe_stateful": 172532.4838012959,
            "benchmark_py_universe_stateless": 153917.03275529866,
            "benchmark_cs_universe_stateless": 215434.03451995685
        }
    ],
    "success": true
}