{
    "versions": [
        {
            "id": 16283,
            "sref": "refs/heads/master",
            "slean": "5e2957cbf0d8e1ddb04c89317d31f7b048b16f68",
            "sleancloud": "6ee88b61eeec7a677c664fea94e354759f4e4705",
            "sdescription": "Upgrades to backend QuantConnect operations",
            "sname": "master",
            "bpublic": 1,
            "itimestamp": "2024-03-01 14:43:00",
            "benchmark_basic": 243760.04043126685,
            "benchmark_equity_400_minute": 799311.6368903911,
            "benchmark_equity_1_second": 338235.02432244614,
            "benchmark_cs_indicator": 187530.32462391132,
            "benchmark_cs_history": 220844.02261712437,
            "benchmark_cs_schedule_events": 289405.73333333334,
            "benchmark_py_basic": 205884.97438816165,
            "benchmark_py_equity_400_minute": 697881.2816188871,
            "benchmark_py_equity_1_second": 256573.6425935688,
            "benchmark_py_indicator": 47702.11544273194,
            "benchmark_py_history": 73796.51680842447,
            "benchmark_py_schedule_events": 181635.39748953976,
            "benchmark_py_universe_coarsefine": 296529.48473282444,
            "benchmark_cs_universe_coarsefine": 395341.93954659946,
            "benchmark_py_universe_stateful": 110164.45983379502,
            "benchmark_cs_universe_stateful": 208570.54830287208,
            "benchmark_py_universe_stateless": 147603.36289726535,
            "benchmark_cs_universe_stateless": 194551.7291768144
        }
    ],
    "success": true
}